<?xml version="1.0" encoding="UTF-8"?>
<ti:module xmlns:ti="http://ti.appcelerator.org" xmlns:android="http://schemas.android.com/apk/res/android">
	<!--
		Similar to tiapp.xml, but contains module/platform specific
		configuration in <iphone>, <android>, and <mobileweb> sections
	-->
	<iphone>
	</iphone>
	<android xmlns:android="http://schemas.android.com/apk/res/android">
		<manifest>
			<application>
		        <activity android:name="titutorial.gallerypicker.CustomGalleryActivity" >
		            <intent-filter>
		                <action android:name="luminous.ACTION_PICK" />
		                <action android:name="luminous.ACTION_MULTIPLE_PICK" />
		
		                <category android:name="android.intent.category.DEFAULT" />
		            </intent-filter>
		        </activity>
			</application>
		</manifest>
	</android>
	<mobileweb>
	</mobileweb>
</ti:module>
